{
    "accuracy": 0.8192552225249773,
    "precision": 0.3063063063063063,
    "recall": 0.21794871794871795,
    "auc": 0.6288258038258039
}